{"Gross Floor Area - Buildings (sq ft)":{"(2014, 'College\/University')":11903647.0,"(2014, 'Healthcare')":19942175.0,"(2014, 'K-12 Schools')":8242916.0,"(2014, 'Office')":139750940.0,"(2014, 'Other')":31774325.0,"(2014, 'Retail')":2980722.0,"(2015, 'College\/University')":22721511.0,"(2015, 'Healthcare')":25721817.0,"(2015, 'K-12 Schools')":47425769.0,"(2015, 'Lodging')":30606726.0,"(2015, 'Multifamily Housing')":155705647.0,"(2015, 'Office')":158069149.0,"(2015, 'Other')":61078787.0,"(2015, 'Retail')":17645126.0,"(2016, 'College\/University')":23923922.3000000007,"(2016, 'Healthcare')":26342655.0,"(2016, 'K-12 Schools')":46441693.0,"(2016, 'Lodging')":41131893.0,"(2016, 'Multifamily Housing')":279437779.8000000119,"(2016, 'Office')":169518547.3000000119,"(2016, 'Other')":57169112.3999999985,"(2016, 'Retail')":20108995.0,"(2017, 'College\/University')":16890158.0,"(2017, 'Healthcare')":27814452.0,"(2017, 'K-12 Schools')":48667069.0,"(2017, 'Lodging')":44087611.0,"(2017, 'Multifamily Housing')":288581873.0,"(2017, 'Office')":169902835.0,"(2017, 'Other')":59898856.0,"(2017, 'Retail')":20234445.0,"(2018, 'College\/University')":19814704.0,"(2018, 'Healthcare')":26624482.0,"(2018, 'K-12 Schools')":45085607.5,"(2018, 'Lodging')":44434604.200000003,"(2018, 'Multifamily Housing')":292506582.3999999762,"(2018, 'Office')":170655556.3000000119,"(2018, 'Other')":150282923.400000006,"(2018, 'Retail')":18840917.0,"(2019, 'College\/University')":11097792.0,"(2019, 'Healthcare')":24504343.0,"(2019, 'K-12 Schools')":5124553.0,"(2019, 'Lodging')":38045559.0,"(2019, 'Multifamily Housing')":254852071.900000006,"(2019, 'Office')":158013440.0,"(2019, 'Other')":60190040.0,"(2019, 'Retail')":14604967.8000000007,"(2020, 'College\/University')":21491532.0,"(2020, 'Healthcare')":32633194.0,"(2020, 'K-12 Schools')":61735795.0,"(2020, 'Lodging')":34721929.0,"(2020, 'Multifamily Housing')":336036052.0,"(2020, 'Office')":181066994.0,"(2020, 'Other')":174310222.0,"(2020, 'Retail')":25168202.0,"(2021, 'College\/University')":21109375.0,"(2021, 'Healthcare')":33295363.0,"(2021, 'K-12 Schools')":66647855.0,"(2021, 'Lodging')":37195851.0,"(2021, 'Multifamily Housing')":336564942.8000000119,"(2021, 'Office')":193752183.099999994,"(2021, 'Other')":143602802.0,"(2021, 'Retail')":29096840.0,"(2022, 'College\/University')":11778259.0,"(2022, 'Healthcare')":32200647.0,"(2022, 'K-12 Schools')":40723699.0,"(2022, 'Lodging')":33203204.0,"(2022, 'Multifamily Housing')":339823069.3000000119,"(2022, 'Office')":184321670.0,"(2022, 'Other')":217891241.900000006,"(2022, 'Retail')":19583429.0},"Weather Normalized Source EUI (kBtu\/sq ft)":{"(2014, 'College\/University')":3195.0,"(2014, 'Healthcare')":9488.0,"(2014, 'K-12 Schools')":3993.0,"(2014, 'Office')":31354.3,"(2014, 'Other')":6167.0,"(2014, 'Retail')":850.0,"(2015, 'College\/University')":18515.2,"(2015, 'Healthcare')":18209.9,"(2015, 'K-12 Schools')":55286.0,"(2015, 'Lodging')":19784.0,"(2015, 'Multifamily Housing')":46789.4,"(2015, 'Office')":62622.6,"(2015, 'Other')":51574.0,"(2015, 'Retail')":70459.2,"(2016, 'College\/University')":20069.4,"(2016, 'Healthcare')":18154.7,"(2016, 'K-12 Schools')":58527.1,"(2016, 'Lodging')":36846.4,"(2016, 'Multifamily Housing')":182478.6,"(2016, 'Office')":70349.5,"(2016, 'Other')":52129.4,"(2016, 'Retail')":53083.2,"(2017, 'College\/University')":16671.7,"(2017, 'Healthcare')":18703.1,"(2017, 'K-12 Schools')":58905.1,"(2017, 'Lodging')":40042.4,"(2017, 'Multifamily Housing')":186801.7,"(2017, 'Office')":69155.5,"(2017, 'Other')":45440.9,"(2017, 'Retail')":51280.7,"(2018, 'College\/University')":16505.3,"(2018, 'Healthcare')":16752.7,"(2018, 'K-12 Schools')":51097.1,"(2018, 'Lodging')":50738.5,"(2018, 'Multifamily Housing')":178643.3,"(2018, 'Office')":62610.1,"(2018, 'Other')":45954.7,"(2018, 'Retail')":45012.2,"(2019, 'College\/University')":0.0,"(2019, 'Healthcare')":0.0,"(2019, 'K-12 Schools')":0.0,"(2019, 'Lodging')":0.0,"(2019, 'Multifamily Housing')":0.0,"(2019, 'Office')":0.0,"(2019, 'Other')":0.0,"(2019, 'Retail')":0.0,"(2020, 'College\/University')":30208.3,"(2020, 'Healthcare')":13848.2,"(2020, 'K-12 Schools')":60463.3,"(2020, 'Lodging')":20621.2,"(2020, 'Multifamily Housing')":182075.1,"(2020, 'Office')":54203.3,"(2020, 'Other')":51900.1,"(2020, 'Retail')":43463.7,"(2021, 'College\/University')":31618.0,"(2021, 'Healthcare')":12657.0,"(2021, 'K-12 Schools')":44428.0,"(2021, 'Lodging')":19636.9,"(2021, 'Multifamily Housing')":162445.7,"(2021, 'Office')":52915.4,"(2021, 'Other')":52412.6,"(2021, 'Retail')":39453.5,"(2022, 'College\/University')":12986.4,"(2022, 'Healthcare')":12507.3,"(2022, 'K-12 Schools')":43750.6,"(2022, 'Lodging')":18784.7,"(2022, 'Multifamily Housing')":176451.0,"(2022, 'Office')":51764.1,"(2022, 'Other')":51412.4,"(2022, 'Retail')":30238.5},"Total GHG Emissions (Metric Tons CO2e)":{"(2014, 'College\/University')":195804.0,"(2014, 'Healthcare')":557634.0,"(2014, 'K-12 Schools')":81392.0,"(2014, 'Office')":1866504.0,"(2014, 'Other')":432048.0,"(2014, 'Retail')":33101.0,"(2015, 'College\/University')":332600.0,"(2015, 'Healthcare')":669908.0,"(2015, 'K-12 Schools')":385649.0,"(2015, 'Lodging')":412997.0,"(2015, 'Multifamily Housing')":1289673.0,"(2015, 'Office')":1947124.0,"(2015, 'Other')":922201.0,"(2015, 'Retail')":435752.0,"(2016, 'College\/University')":326872.4,"(2016, 'Healthcare')":645229.7,"(2016, 'K-12 Schools')":381159.1,"(2016, 'Lodging')":491479.1,"(2016, 'Multifamily Housing')":2106973.3999999999,"(2016, 'Office')":1899212.3,"(2016, 'Other')":835743.7,"(2016, 'Retail')":345422.6,"(2017, 'College\/University')":184975.6,"(2017, 'Healthcare')":701590.9,"(2017, 'K-12 Schools')":382763.9,"(2017, 'Lodging')":492955.6,"(2017, 'Multifamily Housing')":2079876.2,"(2017, 'Office')":1900735.8999999999,"(2017, 'Other')":847236.7,"(2017, 'Retail')":343104.4,"(2018, 'College\/University')":267269.7,"(2018, 'Healthcare')":731694.7,"(2018, 'K-12 Schools')":352142.6,"(2018, 'Lodging')":481494.5,"(2018, 'Multifamily Housing')":2084758.5,"(2018, 'Office')":1734651.5,"(2018, 'Other')":850869.6,"(2018, 'Retail')":292943.7,"(2019, 'College\/University')":183247.0,"(2019, 'Healthcare')":376163.0,"(2019, 'K-12 Schools')":21625.9,"(2019, 'Lodging')":352474.0,"(2019, 'Multifamily Housing')":908595.2,"(2019, 'Office')":746878.0,"(2019, 'Other')":856456.7000000001,"(2019, 'Retail')":164107.0,"(2020, 'College\/University')":218666.4,"(2020, 'Healthcare')":595065.1,"(2020, 'K-12 Schools')":381213.5,"(2020, 'Lodging')":257911.4,"(2020, 'Multifamily Housing')":1910389.8,"(2020, 'Office')":1331383.3999999999,"(2020, 'Other')":876233.9,"(2020, 'Retail')":246159.3,"(2021, 'College\/University')":201218.2,"(2021, 'Healthcare')":483732.5,"(2021, 'K-12 Schools')":267948.3,"(2021, 'Lodging')":242301.7,"(2021, 'Multifamily Housing')":1623149.8999999999,"(2021, 'Office')":1210059.6000000001,"(2021, 'Other')":672574.7,"(2021, 'Retail')":212139.2,"(2022, 'College\/University')":105317.5,"(2022, 'Healthcare')":521142.2,"(2022, 'K-12 Schools')":265582.7,"(2022, 'Lodging')":279928.3,"(2022, 'Multifamily Housing')":1756238.8999999999,"(2022, 'Office')":1151148.2,"(2022, 'Other')":633855.4,"(2022, 'Retail')":160704.9}}